{
  "project_info": {
    "project_number": "401754643313",
    "project_id": "grabeeee-a8321",
    "storage_bucket": "grabeeee-a8321.appspot.com"
  },
  "client": [
    {
      "client_info": {
        "mobilesdk_app_id": "1:401754643313:android:39c586bcf8a75e5ddab4d0",
        "android_client_info": {
          "package_name": "com.thealphamerc.flutter_twitter_clone_dev"
        }
      },
      "oauth_client": [],
      "api_key": [
        {
          "current_key": "AIzaSyBUgyDnnpewkv7GmC2SteMFJeFjciZkfiM"
        }
      ],
      "services": {
        "appinvite_service": {
          "other_platform_oauth_client": []
        }
      }
    }
  ],
  "configuration_version": "1"
}